dot0_x,dot0_y,dot0_radius
0.0,3.6,0.2
0.0,3.6,0.2
0.0,3.6,0.2
0.0,3.6,0.2
0.0,3.6,0.2
0.0,3.6,0.2
0.0,3.6,0.2
0.0,3.6,0.2
0.0,3.6,0.2
0.0,3.6,0.2
0.0,3.6,0.2
0.0,3.6,0.2
0.0,3.6,0.2
0.0,3.6,0.2
0.0,3.6,0.2
0.0,3.6,0.2
0.0,3.6,0.2
0.0,3.6,0.2
0.0,3.6,0.2
0.0,3.6,0.2
0.0,3.6,0.2
0.0,3.6,0.2
0.0,3.6,0.2
0.0,3.6,0.2
0.0,3.6,0.2
0.0,3.6,0.2
0.0,3.6,0.2
0.0,3.6,0.2
0.0,3.6,0.2
0.0,3.6,0.2
0.0,3.6,0.2
0.0,3.6,0.2
0.0,3.6,0.2
0.0,3.6,0.2
0.0,3.6,0.2
0.0,3.6,0.2
0.0,3.6,0.2
0.0,3.6,0.2
0.0,3.6,0.2
0.0,3.6,0.2
0.0,3.6,0.2
0.0,3.6,0.2
0.0,3.6,0.2
0.0,3.6,0.2
0.0,3.6,0.2
0.0,3.6,0.2
0.0,3.6,0.2
0.0,3.6,0.2
0.0,3.6,0.2
0.0,3.6,0.2
0.0,3.6,0.2
0.0,3.6,0.2
0.0,3.6,0.2
0.0,3.6,0.2
0.0,3.6,0.2
0.0,3.6,0.2
0.0,3.6,0.2
0.0,3.6,0.2
0.0,3.6,0.2
0.0,3.6,0.2
0.0,3.6,0.2
0.0,3.6,0.2
0.0,3.6,0.2
0.0,3.6,0.2
0.0,3.6,0.2
0.0,3.6,0.2
0.0,3.6,0.2
0.0,3.6,0.2
0.0,3.6,0.2
0.0,3.6,0.2
0.0,3.6,0.2
0.0,3.6,0.2
0.0,3.6,0.2
0.0,3.6,0.2
0.0,3.6,0.2
0.0,3.6,0.2
0.0,3.6,0.2
0.0,3.6,0.2
0.0,3.6,0.2
0.0,3.6,0.2
0.0,3.6,0.2
0.0,3.6,0.2
0.0,3.6,0.2
0.0,3.6,0.2
0.0,3.6,0.2
0.0,3.6,0.2
0.0,3.6,0.2
0.0,3.6,0.2
0.0,3.6,0.2
0.0,3.6,0.2
0.0,3.6,0.2
0.0,3.6,0.2
0.0,3.6,0.2
0.0,3.6,0.2
0.0,3.6,0.2
0.0,3.6,0.2
0.0,3.6,0.2
0.0,3.6,0.2
0.0,3.6,0.2
0.0,3.6,0.2
0.0,3.6,0.2
0.0,3.6,0.2
0.0,3.6,0.2
0.0,3.6,0.2
0.0,3.6,0.2
0.0,3.6,0.2
0.0,3.6,0.2
0.0,3.6,0.2
0.0,3.6,0.2
0.0,3.6,0.2
0.0,3.6,0.2
0.0,3.6,0.2
0.0,3.6,0.2
0.0,3.6,0.2
0.0,3.6,0.2
0.0,3.6,0.2
0.0,3.6,0.2
0.0,3.6,0.2
0.0,3.6,0.2
0.0,3.6,0.2
0.0,3.6,0.2
0.0,3.6,0.2
0.0,3.6,0.2
0.0,3.6,0.2
0.0,3.6,0.2
0.0,3.6,0.2
0.0,3.6,0.2
0.0,3.6,0.2
0.0,3.6,0.2
0.0,3.6,0.2
0.0,3.6,0.2
0.0,3.6,0.2
0.0,3.6,0.2
0.0,3.6,0.2
0.0,3.6,0.2
0.0,3.6,0.2
0.0,3.6,0.2
0.0,3.6,0.2
0.0,3.6,0.2
0.0,3.6,0.2
0.0,3.6,0.2
0.0,3.6,0.2
0.0,3.6,0.2
0.0,3.6,0.2
0.0,3.6,0.2
0.0,3.6,0.2
0.0,3.6,0.2
0.0,3.6,0.2
0.0,3.6,0.2
0.0,3.6,0.2
0.0,3.6,0.2
0.0,3.6,0.2
0.0,3.6,0.2
0.0,3.6,0.2
0.0,3.6,0.2
0.0,3.6,0.2
0.0,3.6,0.2
0.0,3.6,0.2
0.0,3.6,0.2
0.0,3.6,0.2
0.0,3.6,0.2
0.0,3.6,0.2
0.0,3.6,0.2
0.0,3.6,0.2
0.0,3.6,0.2
0.0,3.6,0.2
0.0,3.6,0.2
0.0,3.6,0.2
0.0,3.6,0.2
0.0,3.6,0.2
0.0,3.6,0.2
0.0,3.6,0.2
0.0,3.6,0.2
0.0,3.6,0.2
0.0,3.6,0.2
0.0,3.6,0.2
0.0,3.6,0.2
0.0,3.6,0.2
0.0,3.6,0.2
0.0,3.6,0.2
0.0,3.6,0.2
0.0,3.6,0.2
0.0,3.6,0.2
0.0,3.6,0.2
0.0,3.6,0.2
0.0,3.6,0.2
0.0,3.6,0.2
0.0,3.6,0.2
0.0,3.6,0.2
0.0,3.6,0.2
0.0,3.6,0.2
0.0,3.6,0.2
0.0,3.6,0.2
0.0,3.6,0.2
0.0,3.6,0.2
0.0,3.6,0.2
0.0,3.6,0.2
0.0,3.6,0.2
0.0,3.6,0.2
0.0,3.6,0.2
0.0,3.6,0.2
0.0,3.6,0.2
0.0,3.6,0.2
0.0,3.6,0.2
0.0,3.6,0.2
0.0,3.6,0.2
0.0,3.6,0.2
0.0,3.6,0.2
0.0,3.6,0.2
0.0,3.6,0.2
0.0,3.6,0.2
0.0,3.6,0.2
0.0,3.6,0.2
0.0,3.6,0.2
0.0,3.6,0.2
0.0,3.6,0.2
0.0,3.6,0.2
0.0,3.6,0.2
0.0,3.6,0.2
0.0,3.6,0.2
0.0,3.6,0.2
0.0,3.6,0.2
0.0,3.6,0.2
0.0,3.6,0.2
0.0,3.6,0.2
0.0,3.6,0.2
0.0,3.6,0.2
0.0,3.6,0.2
0.0,3.6,0.2
0.0,3.6,0.2
0.0,3.6,0.2
0.0,3.6,0.2
0.0,3.6,0.2
0.0,3.6,0.2
0.0,3.6,0.2
0.0,3.6,0.2
0.0,3.6,0.2
0.0,3.6,0.2
0.0,3.6,0.2
0.0,3.6,0.2
0.0,3.6,0.2
0.0,3.6,0.2
0.0,3.6,0.2
0.0,3.6,0.2
0.0,3.6,0.2
0.0,3.6,0.2
0.0,3.6,0.2
0.0,3.6,0.2
0.0,3.6,0.2
0.0,3.6,0.2
0.0,3.6,0.2
0.0,3.6,0.2
0.0,3.6,0.2
0.0,3.6,0.2
0.0,3.6,0.2
0.0,3.6,0.2
0.0,3.6,0.2
0.0,3.6,0.2
0.0,3.6,0.2
0.0,3.6,0.2
0.0,3.6,0.2
0.0,3.6,0.2
0.0,3.6,0.2
0.0,3.6,0.2
0.0,3.6,0.2
0.0,3.6,0.2
0.0,3.6,0.2
0.0,3.6,0.2
0.0,3.6,0.2
0.0,3.6,0.2
0.0,3.6,0.2
0.0,3.6,0.2
0.0,3.6,0.2
0.0,3.6,0.2
0.0,3.6,0.2
0.0,3.6,0.2
0.0,3.6,0.2
0.0,3.6,0.2
0.0,3.6,0.2
0.0,3.6,0.2
0.0,3.6,0.2
0.0,3.6,0.2
0.0,3.6,0.2
0.0,3.6,0.2
0.0,3.6,0.2
0.0,3.6,0.2
0.0,3.6,0.2
0.0,3.6,0.2
0.0,3.6,0.2
0.0,3.6,0.2
0.0,3.6,0.2
0.0,3.6,0.2
0.0,3.6,0.2
0.0,3.6,0.2
0.0,3.6,0.2
0.0,3.6,0.2
0.0,3.6,0.2
0.0,3.6,0.2
0.0,3.6,0.2
0.0,3.6,0.2
0.0,3.6,0.2
0.0,3.6,0.2
0.0,3.6,0.2
0.0,3.6,0.2
0.0,3.6,0.2
0.0,3.6,0.2
0.0,3.6,0.2
0.0,3.6,0.2
0.0,3.6,0.2
0.0,3.6,0.2
0.0,3.6,0.2
0.0,3.6,0.2
0.0,3.6,0.2
0.0,3.6,0.2
0.0,3.6,0.2
0.0,3.6,0.2
0.0,3.6,0.2
0.0,3.6,0.2
0.0,3.6,0.2
0.0,3.6,0.2
0.0,3.6,0.2
0.0,3.6,0.2
0.0,3.6,0.2
0.0,3.6,0.2
0.0,3.6,0.2
0.0,3.6,0.2
0.0,3.6,0.2
0.0,3.6,0.2
0.0,3.6,0.2
0.0,3.6,0.2
0.0,3.6,0.2
0.0,3.6,0.2
0.0,3.6,0.2
0.0,3.6,0.2
0.0,3.6,0.2
0.0,3.6,0.2
0.0,3.6,0.2
0.0,3.6,0.2
0.0,3.6,0.2
0.0,3.6,0.2
0.0,3.6,0.2
0.0,3.6,0.2
0.0,3.6,0.2
0.0,3.6,0.2
0.0,3.6,0.2
0.0,3.6,0.2
0.0,3.6,0.2
0.0,3.6,0.2
0.0,3.6,0.2
0.0,3.6,0.2
0.0,3.6,0.2
0.0,3.6,0.2
0.0,3.6,0.2
0.0,3.6,0.2
0.0,3.6,0.2
0.0,3.6,0.2
0.0,3.6,0.2
0.0,3.6,0.2
0.0,3.6,0.2
0.0,3.6,0.2
0.0,3.6,0.2
0.0,3.6,0.2
0.0,3.6,0.2
0.0,3.6,0.2
0.0,3.6,0.2
0.0,3.6,0.2
0.0,3.6,0.2
0.0,3.6,0.2
0.0,3.6,0.2
0.0,3.6,0.2
0.0,3.6,0.2
0.0,3.6,0.2
0.0,3.6,0.2
0.0,3.6,0.2
0.0,3.6,0.2
0.0,3.6,0.2
0.0,3.6,0.2
0.0,3.6,0.2
0.0,3.6,0.2
0.0,3.6,0.2
0.0,3.6,0.2
0.0,3.6,0.2
0.0,3.6,0.2
0.0,3.6,0.2
0.0,3.6,0.2
0.0,3.6,0.2
0.0,3.6,0.2
0.0,3.6,0.2
0.0,3.6,0.2
0.0,3.6,0.2
0.0,3.6,0.2
0.0,3.6,0.2
0.0,3.6,0.2
0.0,3.6,0.2
0.0,3.6,0.2
0.0,3.6,0.2
0.0,3.6,0.2
0.0,3.6,0.2
0.0,3.6,0.2
0.0,3.6,0.2
0.0,3.6,0.2
0.0,3.6,0.2
0.0,3.6,0.2
0.0,3.6,0.2
0.0,3.6,0.2
0.0,3.6,0.2
0.0,3.6,0.2
0.0,3.6,0.2
0.0,3.6,0.2
0.0,3.6,0.2
0.0,3.6,0.2
0.0,3.6,0.2
0.0,3.6,0.2
0.0,3.6,0.2
0.0,3.6,0.2
0.0,3.6,0.2
0.0,3.6,0.2
0.0,3.6,0.2
0.0,3.6,0.2
0.0,3.6,0.2
0.0,3.6,0.2
0.0,3.6,0.2
0.0,3.6,0.2
0.0,3.6,0.2
0.0,3.6,0.2
0.0,3.6,0.2
0.0,3.6,0.2
0.0,3.6,0.2
0.0,3.6,0.2
0.0,3.6,0.2
0.0,3.6,0.2
0.0,3.6,0.2
0.0,3.6,0.2
0.0,3.6,0.2
0.0,3.6,0.2
0.0,3.6,0.2
0.0,3.6,0.2
0.0,3.6,0.2
0.0,3.6,0.2
0.0,3.6,0.2
0.0,3.6,0.2
0.0,3.6,0.2
0.0,3.6,0.2
0.0,3.6,0.2
0.0,3.6,0.2
0.0,3.6,0.2
0.0,3.6,0.2
0.0,3.6,0.2
0.0,3.6,0.2
0.0,3.6,0.2
0.0,3.6,0.2
0.0,3.6,0.2
0.0,3.6,0.2
0.0,3.6,0.2
0.0,3.6,0.2
0.0,3.6,0.2
0.0,3.6,0.2
0.0,3.6,0.2
0.0,3.6,0.2
0.0,3.6,0.2
0.0,3.6,0.2
0.0,3.6,0.2
0.0,3.6,0.2
0.0,3.6,0.2
0.0,3.6,0.2
0.0,3.6,0.2
0.0,3.6,0.2
0.0,3.6,0.2
0.0,3.6,0.2
0.0,3.6,0.2
0.0,3.6,0.2
0.0,3.6,0.2
0.0,3.6,0.2
0.0,3.6,0.2
0.0,3.6,0.2
0.0,3.6,0.2
0.0,3.6,0.2
0.0,3.6,0.2
0.0,3.6,0.2
0.0,3.6,0.2
0.0,3.6,0.2
0.0,3.6,0.2
0.0,3.6,0.2
0.0,3.6,0.2
0.0,3.6,0.2
0.0,3.6,0.2
0.0,3.6,0.2
0.0,3.6,0.2
0.0,3.6,0.2
0.0,3.6,0.2
0.0,3.6,0.2
0.0,3.6,0.2
0.0,3.6,0.2
0.0,3.6,0.2
0.0,3.6,0.2
0.0,3.6,0.2
0.0,3.6,0.2
0.0,3.6,0.2
0.0,3.6,0.2
0.0,3.6,0.2
0.0,3.6,0.2
0.0,3.6,0.2
0.0,3.6,0.2
0.0,3.6,0.2
0.0,3.6,0.2
0.0,3.6,0.2
0.0,3.6,0.2
0.0,3.6,0.2
0.0,3.6,0.2
0.0,3.6,0.2
0.0,3.6,0.2
0.0,3.6,0.2
0.0,3.6,0.2
0.0,3.6,0.2
0.0,3.6,0.2
0.0,3.6,0.2
0.0,3.6,0.2
0.0,3.6,0.2
0.0,3.6,0.2
0.0,3.6,0.2
0.0,3.6,0.2
0.0,3.6,0.2
0.0,3.6,0.2
0.0,3.6,0.2
0.0,3.6,0.2
0.0,3.6,0.2
0.0,3.6,0.2
0.0,3.6,0.2
0.0,3.6,0.2
0.0,3.6,0.2
0.0,3.6,0.2
0.0,3.6,0.2
0.0,3.6,0.2
0.0,3.6,0.2
0.0,3.6,0.2
0.0,3.6,0.2
0.0,3.6,0.2
0.0,3.6,0.2
0.0,3.6,0.2
0.0,3.6,0.2
0.0,3.6,0.2
0.0,3.6,0.2
0.0,3.6,0.2
0.0,3.6,0.2
0.0,3.6,0.2
0.0,3.6,0.2
0.0,3.6,0.2
0.0,3.6,0.2
0.0,3.6,0.2
0.0,3.6,0.2
0.0,3.6,0.2
0.0,3.6,0.2
0.0,3.6,0.2
0.0,3.6,0.2
0.0,3.6,0.2
0.0,3.6,0.2
0.0,3.6,0.2
0.0,3.6,0.2
0.0,3.6,0.2
0.0,3.6,0.2
0.0,3.6,0.2
0.0,3.6,0.2
0.0,3.6,0.2
0.0,3.6,0.2
0.0,3.6,0.2
0.0,3.6,0.2
0.0,3.6,0.2
0.0,3.6,0.2
0.0,3.6,0.2
0.0,3.6,0.2
0.0,3.6,0.2
0.0,3.6,0.2
0.0,3.6,0.2
0.0,3.6,0.2
0.0,3.6,0.2
0.0,3.6,0.2
0.0,3.6,0.2
0.0,3.6,0.2
0.0,3.6,0.2
0.0,3.6,0.2
0.0,3.6,0.2
0.0,3.6,0.2
0.0,3.6,0.2
0.0,3.6,0.2
0.0,3.6,0.2
0.0,3.6,0.2
0.0,3.6,0.2
0.0,3.6,0.2
0.0,3.6,0.2
0.0,3.6,0.2
0.0,3.6,0.2
0.0,3.6,0.2
0.0,3.6,0.2
0.0,3.6,0.2
0.0,3.6,0.2
0.0,3.6,0.2
0.0,3.6,0.2
0.0,3.6,0.2
0.0,3.6,0.2
0.0,3.6,0.2
0.0,3.6,0.2
0.0,3.6,0.2
0.0,3.6,0.2
0.0,3.6,0.2
0.0,3.6,0.2
0.0,3.6,0.2
0.0,3.6,0.2
0.0,3.6,0.2
0.0,3.6,0.2
0.0,3.6,0.2
0.0,3.6,0.2
0.0,3.6,0.2
0.0,3.6,0.2
0.0,3.6,0.2
0.0,3.6,0.2
0.0,3.6,0.2
0.0,3.6,0.2
0.0,3.6,0.2
0.0,3.6,0.2
0.0,3.6,0.2
0.0,3.6,0.2
0.0,3.6,0.2
0.0,3.6,0.2
0.0,3.6,0.2
0.0,3.6,0.2
0.0,3.6,0.2
0.0,3.6,0.2
0.0,3.6,0.2
0.0,3.6,0.2
0.0,3.6,0.2
0.0,3.6,0.2
0.0,3.6,0.2
0.0,3.6,0.2
0.0,3.6,0.2
0.0,3.6,0.2
0.0,3.6,0.2
0.0,3.6,0.2
0.0,3.6,0.2
0.0,3.6,0.2
0.0,3.6,0.2
0.0,3.6,0.2
0.0,3.6,0.2
-0.0011098714426012396,3.58814708721917,0.2
-0.0022197428852024793,3.5762941744383396,0.2
-0.0033296143278037185,3.5644412616575094,0.2
-0.0044394857704049585,3.552588348876679,0.2
-0.005549357213006197,3.540735436095849,0.2
-0.006659228655607437,3.5288825233150187,0.2
-0.007769100098208677,3.5170296105341885,0.2
-0.008878971540809917,3.5051766977533583,0.2
-0.009988842983411156,3.493323784972528,0.2
-0.011098714426012395,3.481470872191698,0.2
-0.012208585868613637,3.4696179594108676,0.2
-0.013318457311214874,3.4577650466300374,0.2
-0.014428328753816114,3.445912133849207,0.2
-0.015538200196417353,3.434059221068377,0.2
-0.016648071639018595,3.4222063082875467,0.2
-0.017757943081619834,3.4103533955067165,0.2
-0.018867814524221073,3.3985004827258862,0.2
-0.01997768596682231,3.386647569945056,0.2
-0.021087557409423554,3.3747946571642258,0.2
-0.02219742885202479,3.3629417443833955,0.2
-0.02330730029462603,3.3510888316025653,0.2
-0.024417171737227274,3.339235918821735,0.2
-0.025527043179828512,3.327383006040905,0.2
-0.026636914622429748,3.3155300932600746,0.2
-0.02774678606503099,3.3036771804792444,0.2
-0.02885665750763223,3.291824267698414,0.2
-0.02996652895023347,3.279971354917584,0.2
-0.031076400392834706,3.2681184421367537,0.2
-0.032186271835435945,3.2562655293559235,0.2
-0.03329614327803719,3.2444126165750933,0.2
-0.03440601472063843,3.232559703794263,0.2
-0.03551588616323967,3.220706791013433,0.2
-0.03662575760584091,3.2088538782326026,0.2
-0.037735629048442146,3.1970009654517724,0.2
-0.038845500491043385,3.185148052670942,0.2
-0.03995537193364462,3.173295139890112,0.2
-0.04106524337624586,3.1614422271092817,0.2
-0.04217511481884711,3.1495893143284515,0.2
-0.04328498626144835,3.1377364015476212,0.2
-0.04439485770404958,3.125883488766791,0.2
-0.045504729146650824,3.114030575985961,0.2
-0.04661460058925206,3.1021776632051306,0.2
-0.0477244720318533,3.0903247504243003,0.2
-0.04883434347445454,3.07847183764347,0.2
-0.04994421491705578,3.06661892486264,0.2
-0.051054086359657025,3.0547660120818096,0.2
-0.05216395780225826,3.0429130993009794,0.2
-0.0532738292448595,3.031060186520149,0.2
-0.05438370068746074,3.019207273739319,0.2
-0.05549357213006198,3.0073543609584887,0.2
-0.05660344357266322,2.9955014481776585,0.2
-0.05771331501526446,2.9836485353968283,0.2
-0.0588231864578657,2.971795622615998,0.2
-0.059933057900466935,2.959942709835168,0.2
-0.06104292934306818,2.9480897970543376,0.2
-0.06215280078566941,2.9362368842735074,0.2
-0.06326267222827066,2.924383971492677,0.2
-0.06437254367087189,2.912531058711847,0.2
-0.06548241511347314,2.9006781459310167,0.2
-0.06659228655607438,2.8888252331501865,0.2
-0.06770215799867561,2.8769723203693562,0.2
-0.06881202944127685,2.865119407588526,0.2
-0.06992190088387809,2.853266494807696,0.2
-0.07103177232647934,2.8414135820268656,0.2
-0.07214164376908058,2.8295606692460353,0.2
-0.07325151521168181,2.817707756465205,0.2
-0.07436138665428305,2.805854843684375,0.2
-0.07547125809688429,2.7940019309035447,0.2
-0.07658112953948554,2.7821490181227144,0.2
-0.07769100098208677,2.770296105341884,0.2
-0.078800872424688,2.758443192561054,0.2
-0.07991074386728925,2.7465902797802237,0.2
-0.08102061530989049,2.7347373669993935,0.2
-0.08213048675249174,2.7228844542185633,0.2
-0.08324035819509297,2.711031541437733,0.2
-0.0843502296376942,2.699178628656903,0.2
-0.08546010108029545,2.6873257158760726,0.2
-0.0865699725228967,2.6754728030952424,0.2
-0.08767984396549793,2.663619890314412,0.2
-0.08878971540809917,2.651766977533582,0.2
-0.0898995868507004,2.6399140647527517,0.2
-0.09100945829330165,2.6280611519719215,0.2
-0.0921193297359029,2.6162082391910912,0.2
-0.09322920117850413,2.604355326410261,0.2
-0.09433907262110537,2.592502413629431,0.2
-0.0954489440637066,2.5806495008486006,0.2
-0.09655881550630785,2.5687965880677703,0.2
-0.09766868694890908,2.55694367528694,0.2
-0.09877855839151033,2.54509076250611,0.2
-0.09988842983411156,2.5332378497252797,0.2
-0.1009983012767128,2.5213849369444494,0.2
-0.10210817271931404,2.509532024163619,0.2
-0.10321804416191528,2.497679111382789,0.2
-0.10432791560451651,2.4858261986019587,0.2
-0.10543778704711776,2.4739732858211285,0.2
-0.106547658489719,2.4621203730402983,0.2
-0.10765752993232024,2.450267460259468,0.2
-0.10876740137492148,2.438414547478638,0.2
-0.10987727281752271,2.4265616346978076,0.2
-0.11098714426012396,2.4147087219169774,0.2
-0.11209701570272519,2.402855809136147,0.2
-0.11320688714532644,2.391002896355317,0.2
-0.11431675858792767,2.3791499835744867,0.2
-0.11542663003052892,2.3672970707936565,0.2
-0.11653650147313016,2.3554441580128263,0.2
-0.11764637291573139,2.343591245231996,0.2
-0.11875624435833264,2.331738332451166,0.2
-0.11986611580093387,2.3198854196703356,0.2
-0.12097598724353512,2.3080325068895053,0.2
-0.12208585868613635,2.296179594108675,0.2
-0.1231957301287376,2.284326681327845,0.2
-0.12430560157133883,2.2724737685470147,0.2
-0.12541547301394007,2.2606208557661844,0.2
-0.12652534445654132,2.248767942985354,0.2
-0.12763521589914256,2.236915030204524,0.2
-0.12874508734174378,2.2250621174236938,0.2
-0.12985495878434503,2.2132092046428635,0.2
-0.13096483022694627,2.2013562918620333,0.2
-0.13207470166954752,2.189503379081203,0.2
-0.13318457311214874,2.177650466300373,0.2
-0.13429444455474998,2.1657975535195426,0.2
-0.13540431599735123,2.1539446407387124,0.2
-0.13651418743995247,2.142091727957882,0.2
-0.1376240588825537,2.130238815177052,0.2
-0.13873393032515494,2.1183859023962217,0.2
-0.13984380176775618,2.1065329896153915,0.2
-0.14095367321035743,2.0946800768345613,0.2
-0.14206354465295867,2.082827164053731,0.2
-0.1431734160955599,2.070974251272901,0.2
-0.14428328753816114,2.0591213384920706,0.2
-0.14539315898076238,2.0472684257112403,0.2
-0.14650303042336363,2.03541551293041,0.2
-0.14761290186596487,2.02356260014958,0.2
-0.1487227733085661,2.0117096873687497,0.2
-0.14983264475116734,1.9998567745879194,0.2
-0.15094251619376858,1.9880038618070892,0.2
-0.15205238763636983,1.976150949026259,0.2
-0.15316225907897105,1.9642980362454288,0.2
-0.1542721305215723,1.9524451234645985,0.2
-0.15538200196417354,1.9405922106837683,0.2
-0.15649187340677478,1.928739297902938,0.2
-0.157601744849376,1.9168863851221078,0.2
-0.15871161629197725,1.9050334723412776,0.2
-0.1598214877345785,1.8931805595604474,0.2
-0.16093135917717974,1.8813276467796172,0.2
-0.16204123061978098,1.869474733998787,0.2
-0.1631511020623822,1.8576218212179567,0.2
-0.16426097350498345,1.8457689084371265,0.2
-0.1653708449475847,1.8339159956562963,0.2
-0.16648071639018594,1.822063082875466,0.2
-0.16759058783278719,1.8102101700946358,0.2
-0.1687004592753884,1.7983572573138056,0.2
-0.16981033071798965,1.7865043445329754,0.2
-0.1709202021605909,1.7746514317521451,0.2
-0.17203007360319214,1.762798518971315,0.2
-0.1731399450457934,1.7509456061904847,0.2
-0.1742498164883946,1.7390926934096544,0.2
-0.17535968793099585,1.7272397806288242,0.2
-0.1764695593735971,1.715386867847994,0.2
-0.17757943081619834,1.7035339550671638,0.2
-0.1786893022587996,1.6916810422863335,0.2
-0.1797991737014008,1.6798281295055033,0.2
-0.18090904514400205,1.667975216724673,0.2
-0.1820189165866033,1.6561223039438429,0.2
-0.18312878802920454,1.6442693911630126,0.2
-0.18423865947180576,1.6324164783821824,0.2
-0.185348530914407,1.6205635656013522,0.2
-0.18645840235700825,1.608710652820522,0.2
-0.1875682737996095,1.5968577400396917,0.2
-0.18867814524221074,1.5850048272588615,0.2
-0.18978801668481196,1.5731519144780313,0.2
-0.1908978881274132,1.561299001697201,0.2
-0.19200775957001445,1.5494460889163708,0.2
-0.1931176310126157,1.5375931761355406,0.2
-0.19422750245521692,1.5257402633547104,0.2
-0.19533737389781816,1.5138873505738801,0.2
-0.1964472453404194,1.50203443779305,0.2
-0.19755711678302065,1.4901815250122197,0.2
-0.1986669882256219,1.4783286122313894,0.2
-0.19977685966822312,1.4664756994505592,0.2
-0.20088673111082436,1.454622786669729,0.2
-0.2019966025534256,1.4427698738888988,0.2
-0.20310647399602685,1.4309169611080685,0.2
-0.2042163454386281,1.4190640483272383,0.2
-0.20532621688122932,1.407211135546408,0.2
-0.20643608832383056,1.3953582227655779,0.2
-0.2075459597664318,1.3835053099847476,0.2
-0.20865583120903305,1.3716523972039174,0.2
-0.2097657026516343,1.3597994844230872,0.2
-0.21087557409423552,1.347946571642257,0.2
-0.21198544553683676,1.3360936588614267,0.2
-0.213095316979438,1.3242407460805965,0.2
-0.21420518842203926,1.3123878332997663,0.2
-0.2153150598646405,1.300534920518936,0.2
-0.21642493130724172,1.2886820077381058,0.2
-0.21753480274984296,1.2768290949572756,0.2
-0.2186446741924442,1.2649761821764454,0.2
-0.21975454563504543,1.2531232693956151,0.2
-0.2208644170776467,1.241270356614785,0.2
-0.22197428852024792,1.2294174438339547,0.2
-0.22308415996284917,1.2175645310531245,0.2
-0.2241940314054504,1.2057116182722942,0.2
-0.22530390284805163,1.193858705491464,0.2
-0.22641377429065287,1.1820057927106338,0.2
-0.22752364573325412,1.1701528799298035,0.2
-0.22863351717585537,1.1582999671489733,0.2
-0.2297433886184566,1.146447054368143,0.2
-0.23085326006105783,1.1345941415873129,0.2
-0.23196313150365908,1.1227412288064826,0.2
-0.23307300294626032,1.1108883160256524,0.2
-0.23418287438886157,1.0990354032448222,0.2
-0.2352927458314628,1.087182490463992,0.2
-0.23640261727406403,1.0753295776831617,0.2
-0.23751248871666528,1.0634766649023315,0.2
-0.23862236015926652,1.0516237521215013,0.2
-0.23973223160186777,1.039770839340671,0.2
-0.24084210304446899,1.0279179265598408,0.2
-0.24195197448707023,1.0160650137790106,0.2
-0.24306184592967148,1.0042121009981804,0.2
-0.24417171737227272,0.9923591882173501,0.2
-0.24528158881487394,0.9805062754365199,0.2
-0.2463914602574752,0.9686533626556897,0.2
-0.24750133170007643,0.9568004498748595,0.2
-0.24861120314267768,0.9449475370940292,0.2
-0.24972107458527892,0.933094624313199,0.2
-0.25083094602788014,0.9212417115323688,0.2
-0.25194081747048136,0.9093887987515386,0.2
-0.25305068891308263,0.8975358859707083,0.2
-0.25416056035568385,0.8856829731898781,0.2
-0.2552704317982851,0.8738300604090479,0.2
-0.25638030324088634,0.8619771476282176,0.2
-0.25749017468348756,0.8501242348473874,0.2
-0.25860004612608883,0.8382713220665572,0.2
-0.25970991756869005,0.826418409285727,0.2
-0.2608197890112913,0.8145654965048967,0.2
-0.26192966045389254,0.8027125837240665,0.2
-0.26303953189649376,0.7908596709432363,0.2
-0.26414940333909503,0.779006758162406,0.2
-0.26525927478169625,0.7671538453815758,0.2
-0.2663691462242975,0.7553009326007456,0.2
-0.26747901766689874,0.7434480198199154,0.2
-0.26858888910949996,0.7315951070390851,0.2
-0.2696987605521012,0.7197421942582549,0.2
-0.27080863199470245,0.7078892814774247,0.2
-0.27191850343730367,0.6960363686965945,0.2
-0.27302837487990494,0.6841834559157642,0.2
-0.27413824632250616,0.672330543134934,0.2
-0.2752481177651074,0.6604776303541038,0.2
-0.27635798920770865,0.6486247175732736,0.2
-0.27746786065030987,0.6367718047924433,0.2
-0.27857773209291115,0.6249188920116131,0.2
-0.27968760353551236,0.6130659792307829,0.2
-0.2807974749781136,0.6012130664499526,0.2
-0.28190734642071485,0.5893601536691224,0.2
-0.2830172178633161,0.5775072408882922,0.2
-0.28412708930591735,0.565654328107462,0.2
-0.28523696074851856,0.5538014153266317,0.2
-0.2863468321911198,0.5419485025458015,0.2
-0.28745670363372106,0.5300955897649713,0.2
-0.2885665750763223,0.5182426769841411,0.2
-0.28967644651892355,0.5063897642033108,0.2
-0.29078631796152477,0.4945368514224806,0.2
-0.291896189404126,0.4826839386416504,0.2
-0.29300606084672726,0.47083102586082015,0.2
-0.2941159322893285,0.4589781130799899,0.2
-0.29522580373192975,0.4471252002991597,0.2
-0.29633567517453097,0.43527228751832947,0.2
-0.2974455466171322,0.42341937473749924,0.2
-0.29855541805973346,0.411566461956669,0.2
-0.2996652895023347,0.3997135491758388,0.2
-0.30077516094493595,0.38786063639500856,0.2
-0.30188503238753717,0.37600772361417834,0.2
-0.3029949038301384,0.3641548108333481,0.2
-0.30410477527273966,0.3523018980525179,0.2
-0.3052146467153409,0.34044898527168765,0.2
-0.30632451815794215,0.3285960724908574,0.2
-0.30743438960054337,0.3167431597100272,0.2
-0.30854426104314464,0.304890246929197,0.2
-0.30965413248574586,0.29303733414836675,0.2
-0.3107640039283471,0.2811844213675365,0.2
-0.31187387537094835,0.2693315085867063,0.2
-0.31298374681354957,0.25747859580587606,0.2
-0.31409361825615084,0.24562568302504584,0.2
-0.31520348969875206,0.2337727702442156,0.2
-0.3163133611413533,0.22191985746338538,0.2
-0.31742323258395455,0.21006694468255516,0.2
-0.31853310402655577,0.19821403190172493,0.2
-0.319642975469157,0.1863611191208947,0.2
-0.32075284691175826,0.17450820634006448,0.2
-0.3218627183543595,0.16265529355923425,0.2
-0.32297258979696075,0.15080238077840402,0.2
-0.32408246123956197,0.1389494679975738,0.2
-0.32519233268216324,0.12709655521674357,0.2
-0.32630220412476446,0.11524364243591334,0.2
-0.3274120755673657,0.10339072965508311,0.2
-0.32852194700996695,0.09153781687425289,0.2
-0.32963181845256817,0.07968490409342266,0.2
-0.33074168989516944,0.06783199131259243,0.2
-0.33185156133777066,0.055979078531762205,0.2
-0.3329614327803719,0.04412616575093198,0.2
-0.33407130422297315,0.03227325297010175,0.2
-0.33518117566557437,0.020420340189271524,0.2
-0.3362910471081756,0.008567427408441297,0.2
-0.33740091855077686,-0.00328548537238893,0.2
-0.3385107899933781,-0.015138398153219157,0.2
-0.33962066143597935,-0.026991310934049384,0.2
-0.34073053287858057,-0.03884422371487961,0.2
-0.3418404043211818,-0.05069713649570984,0.2
-0.34295027576378306,-0.06255004927654007,0.2
-0.3440601472063843,-0.07440296205737029,0.2
-0.34517001864898555,-0.08625587483820052,0.2
-0.3462798900915868,-0.09810878761903075,0.2
-0.347389761534188,-0.10996170039986097,0.2
-0.34849963297678926,-0.1218146131806912,0.2
-0.3496095044193905,-0.13366752596152143,0.2
-0.3507193758619917,-0.14552043874235165,0.2
-0.351829247304593,-0.15737335152318188,0.2
-0.3529391187471942,-0.1692262643040121,0.2
-0.3540489901897954,-0.18107917708484234,0.2
-0.3551588616323967,-0.19293208986567256,0.2
-0.3562687330749979,-0.2047850026465028,0.2
-0.3573786045175992,-0.21663791542733302,0.2
-0.3584884759602004,-0.22849082820816324,0.2
-0.3595983474028016,-0.24034374098899347,0.2
-0.3607082188454029,-0.2521966537698237,0.2
-0.3618180902880041,-0.2640495665506539,0.2
-0.3629279617306054,-0.27590247933148415,0.2
-0.3640378331732066,-0.2877553921123144,0.2
-0.3651477046158078,-0.2996083048931446,0.2
-0.3662575760584091,-0.31146121767397483,0.2
-0.3673674475010103,-0.32331413045480506,0.2
-0.3684773189436116,-0.3351670432356353,0.2
-0.3695871903862128,-0.3470199560164655,0.2
-0.370697061828814,-0.35887286879729574,0.2
-0.3718069332714153,-0.37072578157812597,0.2
-0.3729168047140165,-0.3825786943589562,0.2
-0.3740266761566177,-0.3944316071397864,0.2
-0.375136547599219,-0.40628451992061665,0.2
-0.3762464190418202,-0.4181374327014469,0.2
-0.3773562904844215,-0.4299903454822771,0.2
-0.3784661619270227,-0.44184325826310733,0.2
-0.3795760333696239,-0.45369617104393756,0.2
-0.3806859048122252,-0.4655490838247678,0.2
-0.3817957762548264,-0.477401996605598,0.2
-0.38290564769742763,-0.48925490938642824,0.2
-0.3840155191400289,-0.5011078221672585,0.2
-0.3851253905826301,-0.5129607349480887,0.2
-0.3862352620252314,-0.5248136477289189,0.2
-0.3873451334678326,-0.5366665605097491,0.2
-0.38845500491043383,-0.5485194732905794,0.2
-0.3895648763530351,-0.5603723860714096,0.2
-0.3906747477956363,-0.5722252988522398,0.2
-0.3917846192382376,-0.58407821163307,0.2
-0.3928944906808388,-0.5959311244139003,0.2
-0.39400436212344003,-0.6077840371947305,0.2
-0.3951142335660413,-0.6196369499755607,0.2
-0.3962241050086425,-0.631489862756391,0.2
-0.39733397645124374,-0.6433427755372212,0.2
-0.398443847893845,-0.6551956883180514,0.2
-0.39955371933644623,-0.6670486010988816,0.2
-0.40066359077904745,-0.6789015138797119,0.2
-0.4017734622216487,-0.6907544266605421,0.2
-0.40288333366424994,-0.7026073394413723,0.2
-0.4039932051068512,-0.7144602522222026,0.2
-0.40510307654945243,-0.7263131650030328,0.2
-0.40621294799205365,-0.738166077783863,0.2
-0.4073228194346549,-0.7500189905646932,0.2
-0.40843269087725614,-0.7618719033455235,0.2
-0.4095425623198574,-0.7737248161263537,0.2
-0.41065243376245864,-0.7855777289071839,0.2
-0.41176230520505985,-0.7974306416880141,0.2
-0.4128721766476611,-0.8092835544688444,0.2
-0.41398204809026234,-0.8211364672496746,0.2
-0.4150919195328636,-0.8329893800305048,0.2
-0.41620179097546484,-0.844842292811335,0.2
-0.41731166241806605,-0.8566952055921653,0.2
-0.4184215338606673,-0.8685481183729955,0.2
-0.41953140530326855,-0.8804010311538257,0.2
-0.42064127674586976,-0.892253943934656,0.2
-0.42175114818847104,-0.9041068567154862,0.2
-0.42286101963107225,-0.9159597694963164,0.2
-0.42397089107367353,-0.9278126822771466,0.2
-0.42508076251627475,-0.9396655950579769,0.2
-0.42619063395887596,-0.9515185078388071,0.2
-0.42730050540147724,-0.9633714206196373,0.2
-0.42841037684407846,-0.9752243334004675,0.2
-0.42952024828667973,-0.9870772461812978,0.2
-0.43063011972928095,-0.998930158962128,0.2
-0.43173999117188216,-1.0107830717429582,0.2
-0.43284986261448344,-1.0226359845237885,0.2
-0.43395973405708466,-1.0344888973046187,0.2
-0.43506960549968593,-1.046341810085449,0.2
-0.43617947694228715,-1.0581947228662791,0.2
-0.43728934838488837,-1.0700476356471094,0.2
-0.43839921982748964,-1.0819005484279396,0.2
-0.43950909127009086,-1.0937534612087698,0.2
-0.44061896271269213,-1.1056063739896,0.2
-0.44172883415529335,-1.1174592867704303,0.2
-0.4428387055978946,-1.1293121995512605,0.2
-0.44394857704049584,-1.1411651123320907,0.2
-0.44505844848309706,-1.153018025112921,0.2
-0.44616831992569833,-1.1648709378937512,0.2
-0.44727819136829955,-1.1767238506745814,0.2
-0.4483880628109008,-1.1885767634554116,0.2
-0.44949793425350204,-1.2004296762362419,0.2
-0.45060780569610326,-1.212282589017072,0.2
-0.45171767713870453,-1.2241355017979023,0.2
-0.45282754858130575,-1.2359884145787325,0.2
-0.453937420023907,-1.2478413273595628,0.2
-0.45504729146650824,-1.259694240140393,0.2
-0.45615716290910946,-1.2715471529212232,0.2
-0.45726703435171073,-1.2834000657020534,0.2
-0.45837690579431195,-1.2952529784828837,0.2
-0.4594867772369132,-1.307105891263714,0.2
-0.46059664867951444,-1.3189588040445441,0.2
-0.46170652012211566,-1.3308117168253744,0.2
-0.46281639156471693,-1.3426646296062046,0.2
-0.46392626300731815,-1.3545175423870348,0.2
-0.4650361344499194,-1.366370455167865,0.2
-0.46614600589252064,-1.3782233679486953,0.2
-0.46725587733512186,-1.3900762807295255,0.2
-0.46836574877772313,-1.4019291935103557,0.2
-0.46947562022032435,-1.413782106291186,0.2
-0.4705854916629256,-1.4256350190720162,0.2
-0.47169536310552684,-1.4374879318528464,0.2
-0.47280523454812806,-1.4493408446336766,0.2
-0.47391510599072934,-1.4611937574145069,0.2
-0.47502497743333055,-1.473046670195337,0.2
-0.47613484887593177,-1.4848995829761673,0.2
-0.47724472031853304,-1.4967524957569975,0.2
-0.47835459176113426,-1.5086054085378278,0.2
-0.47946446320373554,-1.520458321318658,0.2
-0.48057433464633675,-1.5323112340994882,0.2
-0.48168420608893797,-1.5441641468803184,0.2
-0.48279407753153925,-1.5560170596611487,0.2
-0.48390394897414046,-1.567869972441979,0.2
-0.4850138204167417,-1.5797228852228091,0.2
-0.48612369185934295,-1.5915757980036394,0.2
-0.4872335633019442,-1.6034287107844696,0.2
-0.48834343474454545,-1.6152816235652998,0.2
-0.48945330618714666,-1.62713453634613,0.2
-0.4905631776297479,-1.6389874491269603,0.2
-0.49167304907234916,-1.6508403619077905,0.2
-0.4927829205149504,-1.6626932746886207,0.2
-0.49389279195755165,-1.674546187469451,0.2
-0.49500266340015286,-1.6863991002502812,0.2
-0.4961125348427541,-1.6982520130311114,0.2
-0.49722240628535536,-1.7101049258119416,0.2
-0.4983322777279566,-1.7219578385927719,0.2
-0.49944214917055785,-1.733810751373602,0.2
-0.5005520206131591,-1.7456636641544323,0.2
-0.5016618920557603,-1.7575165769352625,0.2
-0.5027717634983615,-1.7693694897160928,0.2
-0.5038816349409627,-1.781222402496923,0.2
-0.504991506383564,-1.7930753152777532,0.2
-0.5061013778261653,-1.8049282280585834,0.2
-0.5072112492687665,-1.8167811408394137,0.2
-0.5083211207113677,-1.828634053620244,0.2
-0.5094309921539689,-1.8404869664010741,0.2
-0.5105408635965702,-1.8523398791819043,0.2
-0.5116507350391715,-1.8641927919627346,0.2
-0.5127606064817727,-1.8760457047435648,0.2
-0.5138704779243739,-1.887898617524395,0.2
-0.5149803493669751,-1.8997515303052253,0.2
-0.5160902208095764,-1.9116044430860555,0.2
-0.5172000922521777,-1.9234573558668857,0.2
-0.5183099636947789,-1.935310268647716,0.2
-0.5194198351373801,-1.9471631814285462,0.2
-0.5205297065799813,-1.9590160942093764,0.2
-0.5216395780225827,-1.9708690069902066,0.2
-0.5227494494651839,-1.9827219197710368,0.2
-0.5238593209077851,-1.994574832551867,0.2
-0.5249691923503863,-2.0064277453326973,0.2
-0.5260790637929875,-2.0182806581135275,0.2
-0.5271889352355887,-2.0301335708943578,0.2
-0.5282988066781901,-2.041986483675188,0.2
-0.5294086781207913,-2.053839396456018,0.2
-0.5305185495633925,-2.0656923092368484,0.2
-0.5316284210059937,-2.0775452220176787,0.2
-0.5327382924485949,-2.089398134798509,0.2
-0.5338481638911963,-2.101251047579339,0.2
-0.5349580353337975,-2.1131039603601693,0.2
-0.5360679067763987,-2.1249568731409996,0.2
-0.5371777782189999,-2.13680978592183,0.2
-0.5382876496616011,-2.14866269870266,0.2
-0.5393975211042025,-2.1605156114834903,0.2
-0.5405073925468037,-2.1723685242643205,0.2
-0.5416172639894049,-2.1842214370451507,0.2
-0.5427271354320061,-2.196074349825981,0.2
-0.5438370068746073,-2.207927262606811,0.2
-0.5449468783172087,-2.2197801753876414,0.2
-0.5460567497598099,-2.2316330881684716,0.2
-0.5471666212024111,-2.243486000949302,0.2
-0.5482764926450123,-2.255338913730132,0.2
-0.5493863640876135,-2.2671918265109623,0.2
-0.5504962355302148,-2.2790447392917925,0.2
-0.5516061069728161,-2.2908976520726227,0.2
-0.5527159784154173,-2.302750564853453,0.2
-0.5538258498580185,-2.314603477634283,0.2
-0.5549357213006197,-2.3264563904151134,0.2
-0.556045592743221,-2.3383093031959437,0.2
-0.5571554641858223,-2.350162215976774,0.2
-0.5582653356284235,-2.362015128757604,0.2
-0.5593752070710247,-2.3738680415384343,0.2
